{
  "project_info": {
    "project_number": "250280151247",
    "project_id": "miappfinal-4050a",
    "storage_bucket": "miappfinal-4050a.appspot.com"
  },
  "client": [
    {
      "client_info": {
        "mobilesdk_app_id": "1:250280151247:android:d15c93da6a0064ac7b4fba",
        "android_client_info": {
          "package_name": "com.example.miaplicacion"
        }
      },
      "oauth_client": [
        {
          "client_id": "250280151247-h7vqs5dfpuhtu5t7n6lb3s20r6uq1cjh.apps.googleusercontent.com",
          "client_type": 1,
          "android_info": {
            "package_name": "com.example.miaplicacion",
            "certificate_hash": "497ebb6bc98cb6e39ed9d25f7aab28bf8a25f7ae"
          }
        },
        {
          "client_id": "250280151247-91493tf9kc6ednd141tgdb2e4390e4aq.apps.googleusercontent.com",
          "client_type": 3
        }
      ],
      "api_key": [
        {
          "current_key": "AIzaSyC2MM3cQouBcjLAYhjtaGCQeGfpEHGjkco"
        }
      ],
      "services": {
        "appinvite_service": {
          "other_platform_oauth_client": [
            {
              "client_id": "250280151247-91493tf9kc6ednd141tgdb2e4390e4aq.apps.googleusercontent.com",
              "client_type": 3
            }
          ]
        }
      }
    }
  ],
  "configuration_version": "1"
}